fert,max_vac,last_cept,rel_dist,prob
7,2,0,2,0.9854064602125091
7,2,0,1,0.014593539787490964
7,2,4,2,0.4783868717126819
7,2,4,1,0.5216131282873181
7,2,2,2,0.5586753384164627
7,2,2,1,0.4413246615835374
7,2,3,2,0.5212993474767339
7,2,3,1,0.47870065252326616
7,2,5,1,1.0
7,2,6,1,1.0
7,2,1,2,0.9853733307819104
7,2,1,1,0.01462666921808965
7,11,2,2,0.319161770450307
7,11,2,3,0.29914625418353774
7,11,2,1,0.38169197536615523
7,11,11,2,0.44653712649472227
7,11,11,1,0.5534628735052777
7,11,7,4,0.2682389862375369
7,11,7,2,0.21608468274503123
7,11,7,3,0.2682389862375369
7,11,7,1,0.247437344779895
7,11,0,2,0.3769833261748514
7,11,0,3,0.3035970952441303
7,11,0,1,0.3194195785810184
7,11,9,2,0.4546844001133605
7,11,9,1,0.5453155998866396
7,11,10,2,0.469632242465643
7,11,10,1,0.530367757534357
7,11,8,4,0.13404131119847637
7,11,8,2,0.10838298948559262
7,11,8,3,0.13404131119847637
7,11,8,5,0.23334227105946578
7,11,8,6,0.23334227105946578
7,11,8,1,0.15684984599852297
7,11,6,4,0.22985541355893116
7,11,6,2,0.2480813199580174
7,11,6,3,0.2518750501089848
7,11,6,1,0.27018821637406654
7,11,4,4,0.22119184659798202
7,11,4,2,0.25212805705818786
7,11,4,3,0.2643738889140862
7,11,4,1,0.2623062074297438
7,11,3,4,0.2238605066431475
7,11,3,2,0.24076133274746198
7,11,3,3,0.26809808329575924
7,11,3,1,0.26728007731363124
7,11,5,4,0.23467474364953345
7,11,5,2,0.26150163801959453
7,11,5,3,0.2422897748347347
7,11,5,1,0.2615338434961374
7,11,1,2,0.3523869582244164
7,11,1,3,0.2963154763483443
7,11,1,1,0.3512975654272393
7,7,7,2,0.3386714319489769
7,7,7,3,0.38223662071594455
7,7,7,1,0.27909194733507847
7,7,0,4,0.3260399245397082
7,7,0,2,0.3260399245397082
7,7,0,3,0.3422022402105919
7,7,0,1,0.005717910709991813
7,7,4,4,0.2682035808816159
7,7,4,2,0.2603609010938951
7,7,4,3,0.26151036657353705
7,7,4,1,0.20992515145095203
7,7,2,4,0.2417211039395398
7,7,2,2,0.24971704809119005
7,7,2,3,0.25881404574362976
7,7,2,1,0.24974780222564044
7,7,3,4,0.19642785419251582
7,7,3,2,0.20259137683328418
7,7,3,3,0.2033367100977534
7,7,3,5,0.19618099629238028
7,7,3,1,0.20146306258406638
7,7,5,4,0.25771352282660526
7,7,5,2,0.25771352282660526
7,7,5,3,0.26634624635601534
7,7,5,1,0.21822670799077412
7,7,8,2,1.0
7,7,6,4,0.22954295401290756
7,7,6,2,0.29118304655983035
7,7,6,3,0.23995776245841952
7,7,6,1,0.23931623696884258
7,7,1,4,0.20195757466962624
7,7,1,2,0.18951588867232652
7,7,1,5,0.21221895513431918
7,7,1,6,0.20195757466962624
7,7,1,1,0.1943500068541017
7,9,7,2,0.31579402660349754
7,9,7,3,0.25386132664903066
7,9,7,1,0.4303446467474718
7,9,4,4,0.15772616118139637
7,9,4,2,0.15178475667444324
7,9,4,3,0.131774872313627
7,9,4,5,0.20556472676295368
7,9,4,6,0.20515831451154237
7,9,4,1,0.14799116855603717
7,9,9,2,0.4997277202664218
7,9,9,3,0.5002722797335781
7,9,0,2,0.33476909573852953
7,9,0,3,0.33079103874127097
7,9,0,1,0.3344398655201996
7,9,2,2,0.47575261036757516
7,9,2,1,0.5242473896324249
7,9,3,4,0.28474058208415753
7,9,3,2,0.21951835414090493
7,9,3,3,0.28474058208415753
7,9,3,1,0.21100048169077987
7,9,5,4,0.34342610368365595
7,9,5,2,0.22938266569478502
7,9,5,3,0.19780856492677396
7,9,5,1,0.22938266569478502
7,9,8,4,0.29764439402360515
7,9,8,2,0.1989190441961773
7,9,8,3,0.29764439402360515
7,9,8,1,0.2057921677566125
7,9,6,4,0.18883537183274682
7,9,6,2,0.15323749656274732
7,9,6,3,0.13124204766855266
7,9,6,5,0.33761207543647853
7,9,6,1,0.18907300849947467
7,10,7,4,0.2229408295616614
7,10,7,2,0.2872097460759434
7,10,7,3,0.2223447908819644
7,10,7,1,0.2675046334804307
7,10,4,2,0.33695105850444007
7,10,4,3,0.30355375693553494
7,10,4,1,0.359495184560025
7,10,0,1,1.0
7,10,2,2,0.4934571830623515
7,10,2,1,0.5065428169376485
7,10,3,2,0.3295013245955031
7,10,3,3,0.3189515995036345
7,10,3,1,0.3515470759008624
7,10,5,2,0.27876379566009374
7,10,5,3,0.3643099563867401
7,10,5,1,0.35692624795316624
7,10,8,2,0.47136150088422935
7,10,8,1,0.5286384991157707
7,10,6,4,0.18430801903342328
7,10,6,2,0.16515536499109096
7,10,6,3,0.18888515738996237
7,10,6,6,0.2850116954706142
7,10,6,1,0.17663976311490925
7,10,1,1,1.0
7,8,7,4,0.38370355077897983
7,8,7,2,0.18997876980698344
7,8,7,3,0.18447111578035938
7,8,7,1,0.24184656363367726
7,8,4,4,0.18970758923361034
7,8,4,2,0.18877426623529053
7,8,4,3,0.18326181420522591
7,8,4,5,0.2549945090923084
7,8,4,1,0.1832618212335648
7,8,0,2,0.5188927157482778
7,8,0,1,0.48110728425172217
7,8,9,1,1.0
7,8,2,4,0.30442372848511307
7,8,2,2,0.0033628087391553525
7,8,2,3,0.23385434306726488
7,8,2,5,0.233578914068795
7,8,2,1,0.22478020563967174
7,8,3,2,0.22572398133915342
7,8,3,3,0.2215454820560466
7,8,3,6,0.3326481151206662
7,8,3,1,0.22008242148413368
7,8,5,4,0.2718450566144505
7,8,5,2,0.18064877225651216
7,8,5,3,0.1852723662116116
7,8,5,5,0.179628689251687
7,8,5,1,0.18260511566573884
7,8,8,2,0.008231500821640085
7,8,8,3,0.5745373680281627
7,8,8,1,0.4172311311501974
7,8,6,4,0.3516208751684853
7,8,6,2,0.2194960849647125
7,8,6,3,0.21444151615228235
7,8,6,1,0.21444152371451985
7,8,1,2,0.006364561447948559
7,8,1,3,0.5610774798971154
7,8,1,1,0.43255795865493607
7,6,7,2,1.0
7,6,4,4,0.21471140894451377
7,6,4,2,0.2993587369889751
7,6,4,3,0.2399850116514266
7,6,4,1,0.24594484241508438
7,6,0,4,0.3333348692347471
7,6,0,2,0.3333348692347471
7,6,0,3,0.3333302615305059
7,6,2,4,0.19661852374531047
7,6,2,2,0.20254991587637625
7,6,2,3,0.20401928786342438
7,6,2,5,0.19578286054485086
7,6,2,1,0.20102941197003804
7,6,3,4,0.2532614782225542
7,6,3,2,0.2033034209569208
7,6,3,3,0.2810587078523031
7,6,3,1,0.2623763929682219
7,6,5,2,0.30787332175168985
7,6,5,3,0.3086986363789537
7,6,5,1,0.38342804186935636
7,6,6,2,0.5460510688897765
7,6,6,1,0.4539489311102234
7,6,1,4,0.20797604977029874
7,6,1,2,0.19434901101754914
7,6,1,3,0.1993063848264208
7,6,1,5,0.19906216955931058
7,6,1,1,0.1993063848264208
7,4,0,4,0.33175685661957716
7,4,0,2,0.33175685661957716
7,4,0,3,0.33175227072828173
7,4,0,1,0.0047340160325639435
7,4,4,2,0.30699846139228754
7,4,4,3,0.30695515166301623
7,4,4,1,0.3860463869446963
7,4,2,4,0.2499557936158914
7,4,2,2,0.24952570894600848
7,4,2,3,0.2502592487190501
7,4,2,1,0.2502592487190501
7,4,3,2,0.27164289681671566
7,4,3,3,0.3791771681675321
7,4,3,1,0.3491799350157523
7,4,5,2,0.47383548234669126
7,4,5,1,0.5261645176533086
7,4,6,1,1.0
7,4,1,4,0.338152883734622
7,4,1,2,0.32831882544483304
7,4,1,3,0.32831882544483304
7,4,1,1,0.00520946537571188
7,3,0,2,0.9723002740304291
7,3,0,3,0.013767000290181812
7,3,0,1,0.013932725679389132
7,3,4,2,0.37278254745909956
7,3,4,3,0.29640874066521433
7,3,4,1,0.33080871187568606
7,3,2,2,0.37358976739219446
7,3,2,3,0.33018707715958373
7,3,2,1,0.2962231554482217
7,3,3,2,0.3277872907707802
7,3,3,3,0.355946731790774
7,3,3,1,0.3162659774384457
7,3,5,2,0.48686862451573426
7,3,5,1,0.5131313754842657
7,3,6,1,1.0
7,3,1,2,0.5014190842547752
7,3,1,3,0.49110569660494163
7,3,1,1,0.007475219140283228
7,5,7,2,0.36485386476533443
7,5,7,1,0.6351461352346657
7,5,4,2,0.3846589124830912
7,5,4,3,0.37580097757326875
7,5,4,1,0.23954010994364014
7,5,0,4,0.3318783925038051
7,5,0,2,0.3318783925038051
7,5,0,5,0.33148751274157723
7,5,0,1,0.004755702250812529
7,5,2,4,0.2685216840022326
7,5,2,2,0.24090082878370114
7,5,2,3,0.24090082878370114
7,5,2,1,0.2496766584303652
7,5,3,4,0.2605822244648244
7,5,3,2,0.2529623950050699
7,5,3,3,0.22427776035991157
7,5,3,1,0.26217762017019414
7,5,5,2,0.354382604923106
7,5,5,3,0.27936390464537597
7,5,5,1,0.366253490431518
7,5,6,2,0.5489198630665184
7,5,6,1,0.45108013693348165
7,5,1,4,0.1997026860739739
7,5,1,2,0.1997026860739739
7,5,1,3,0.20056832132167748
7,5,1,5,0.19945798520869726
7,5,1,1,0.20056832132167748
7,13,0,4,0.2088692905122031
7,13,0,2,0.20849041592117984
7,13,0,3,0.18708565640693112
7,13,0,5,0.17353588651627394
7,13,0,1,0.22201875064341212
7,12,2,2,0.31744850622856335
7,12,2,3,0.3181306032008646
7,12,2,1,0.3644208905705722
7,12,11,2,0.5083630930534699
7,12,11,1,0.49163690694653006
7,12,0,4,0.2620263277672052
7,12,0,2,0.25674471960602196
7,12,0,3,0.24061448679559141
7,12,0,1,0.2406144658311814
7,12,7,4,0.35060673598062064
7,12,7,2,0.3301275683049803
7,12,7,1,0.31926569571439906
7,12,9,2,0.5083630930534699
7,12,9,1,0.49163690694653006
7,12,10,4,0.3170319978140633
7,12,10,2,0.3162961499654688
7,12,10,1,0.366671852220468
7,12,8,4,0.3230672940541611
7,12,8,2,0.3223841653522564
7,12,8,1,0.35454854059358243
7,12,6,4,0.21731010144714508
7,12,6,2,0.21682206906068255
7,12,6,3,0.2801171593900559
7,12,6,1,0.28575067010211663
7,12,4,2,0.5083630930534699
7,12,4,1,0.49163690694653006
7,12,3,2,0.5088146774214023
7,12,3,1,0.49118532257859776
7,12,5,2,0.5083630941387232
7,12,5,1,0.4916369058612768
7,12,12,2,0.5086664019344346
7,12,12,1,0.4913335980655654
7,12,1,3,0.5083630923370961
7,12,1,1,0.49163690766290397
7,1,0,1,1.0
7,1,4,1,1.0
7,1,2,1,1.0
7,1,3,1,1.0
7,1,5,1,1.0
7,1,6,1,1.0
7,1,1,1,1.0
4,7,0,4,0.14840853993145595
4,7,0,2,0.14903432244379877
4,7,0,3,0.5547780040384314
4,7,0,1,0.147779133586314
4,7,4,2,0.06920975974992716
4,7,4,3,0.8701994232829819
4,7,4,1,0.060590816967090864
4,7,7,2,0.2622916751346526
4,7,7,3,0.3731125609243262
4,7,7,1,0.3645957639410211
4,7,2,2,0.3554079433207727
4,7,2,3,0.3013589593905438
4,7,2,1,0.34323309728868356
4,7,3,4,0.027175736885658934
4,7,3,2,0.33854111780977447
4,7,3,3,0.26937859958682125
4,7,3,5,0.027175736885658934
4,7,3,6,0.03228151022645569
4,7,3,1,0.3054472986056309
4,7,5,2,0.0875904401034627
4,7,5,3,0.8481173665199382
4,7,5,1,0.06429219337659918
4,7,6,2,0.4984844929186868
4,7,6,3,0.5010123498758292
4,7,6,1,0.0005031572054840075
4,7,1,2,0.4675188846463104
4,7,1,1,0.5324811153536895
4,4,0,4,0.0026264833058532652
4,4,0,2,0.0027228417254242993
4,4,0,3,0.0026234267200295324
4,4,0,1,0.9920272482486928
4,4,4,2,0.13497842688931758
4,4,4,3,0.6210527194148011
4,4,4,1,0.24396885369588134
4,4,2,4,0.6266415758100483
4,4,2,2,0.15616822460340846
4,4,2,3,0.10417606746121995
4,4,2,1,0.11301413212532317
4,4,3,2,0.2807170090485149
4,4,3,3,0.5326960581970013
4,4,3,1,0.186586932754484
4,4,5,2,0.3841349761807141
4,4,5,1,0.6158650238192859
4,4,1,4,0.712351508650862
4,4,1,2,0.14347203351338128
4,4,1,3,0.0007053784168999814
4,4,1,1,0.14347107941885665
4,9,0,2,0.3337840164892577
4,9,0,3,0.33242232952568324
4,9,0,1,0.33379365398505895
4,2,0,2,0.5036194761609087
4,2,0,1,0.49638052383909137
4,2,4,1,1.0
4,2,2,2,0.33627708043848525
4,2,2,1,0.6637229195615146
4,2,3,2,0.7297513896971334
4,2,3,1,0.2702486103028666
4,2,1,2,0.5795540334558394
4,2,1,1,0.42044596654416055
4,3,0,2,0.3355293011327113
4,3,0,3,0.3338048703698904
4,3,0,1,0.3306658284973984
4,3,4,2,0.7686292415752575
4,3,4,1,0.23137075842474258
4,3,2,2,0.23542621475407202
4,3,2,3,0.5307518001568172
4,3,2,1,0.23382198508911076
4,3,3,2,0.34012784504979493
4,3,3,1,0.6598721549502051
4,3,5,1,1.0
4,3,1,2,0.13509941637700115
4,3,1,3,0.7297978585330948
4,3,1,1,0.13510272508990406
4,5,0,2,0.2150617118890834
4,5,0,3,0.628645490522619
4,5,0,1,0.1562927975882976
4,5,4,4,0.19327040158510914
4,5,4,2,0.348355030952473
4,5,4,3,0.34622476824873866
4,5,4,1,0.1121497992136792
4,5,2,4,0.09009852509304248
4,5,2,2,0.3148377480331667
4,5,2,3,0.2184942334505404
4,5,2,5,0.08973356554770391
4,5,2,1,0.2868359278755466
4,5,3,4,0.515214570848867
4,5,3,2,0.17390008580969044
4,5,3,3,0.17324548657533795
4,5,3,1,0.13763985676610457
4,5,5,2,0.5000000835575826
4,5,5,1,0.4999999164424173
4,5,1,4,0.0963255879725164
4,5,1,2,0.3350203675818139
4,5,1,3,0.1062586649388236
4,5,1,5,0.12622252685565005
4,5,1,1,0.3361728526511961
4,8,0,4,0.2739041097679735
4,8,0,2,0.19056355739512332
4,8,0,3,0.27085129967831206
4,8,0,1,0.26468103315859104
4,8,4,2,0.2849563212974498
4,8,4,3,0.32681575970386856
4,8,4,1,0.38822791899868175
4,8,2,1,1.0
4,8,3,2,0.49999358264258625
4,8,3,1,0.5000064173574138
4,8,5,2,0.42330188242939243
4,8,5,3,0.5766981175706076
4,6,0,2,0.29619266590518445
4,6,0,3,0.40809926622156967
4,6,0,1,0.2957080678732459
4,6,4,4,0.5673422352764497
4,6,4,2,0.17037365808622315
4,6,4,3,0.0008873704297595865
4,6,4,5,0.062066478773325426
4,6,4,1,0.19933025743424215
4,6,2,2,0.0011019369207518816
4,6,2,3,0.8401993764791984
4,6,2,1,0.15869868660004974
4,6,3,2,0.3568614756801446
4,6,3,3,0.3192874115360554
4,6,3,1,0.32385111278379997
4,6,5,2,0.4596089631686297
4,6,5,3,0.002402914725021996
4,6,5,1,0.5379881221063483
4,6,6,2,0.1291365781312758
4,6,6,1,0.8708634218687241
4,6,1,2,0.001512361253877823
4,6,1,3,0.34364107227758817
4,6,1,5,0.12655844872592611
4,6,1,6,0.12604541136946779
4,6,1,1,0.40224270637314014
4,1,0,1,1.0
4,1,4,1,1.0
4,1,2,1,1.0
4,1,3,1,1.0
4,1,1,1,1.0
9,7,4,1,1.0
9,7,2,1,1.0
9,7,3,2,0.33192155734884304
9,7,3,1,0.6680784426511569
9,9,0,1,1.0
9,9,9,1,1.0
9,9,4,1,1.0
9,9,7,1,1.0
9,9,2,1,1.0
9,9,3,1,1.0
9,9,5,2,0.5004308398864038
9,9,5,1,0.4995691601135963
9,9,8,1,1.0
9,9,6,1,1.0
9,9,1,1,1.0
9,4,0,2,0.49484344780577
9,4,0,1,0.50515655219423
9,4,1,1,1.0
9,10,0,2,0.5253082573053601
9,10,0,1,0.4746917426946398
9,2,0,2,0.49484344780577
9,2,0,1,0.50515655219423
9,2,1,1,1.0
9,3,0,2,0.49484344780577
9,3,0,1,0.50515655219423
9,3,1,1,1.0
9,8,4,2,0.33192155734884304
9,8,4,1,0.6680784426511569
9,8,3,1,1.0
9,8,5,1,1.0
9,5,0,1,1.0
9,5,2,1,1.0
9,5,1,2,0.33192155734884304
9,5,1,1,0.6680784426511569
9,6,2,2,0.33192155734884304
9,6,2,1,0.6680784426511569
9,6,3,1,1.0
9,6,1,1,1.0
9,1,0,1,1.0
9,1,1,1,1.0
2,2,0,2,0.8297252198761252
2,2,0,1,0.17027478012387467
2,2,4,2,0.5005743970905209
2,2,4,1,0.4994256029094791
2,2,7,2,0.5762465298804803
2,2,7,1,0.42375347011951975
2,2,2,2,0.7526395296083781
2,2,2,1,0.24736047039162193
2,2,3,2,0.5
2,2,3,1,0.5
2,2,11,2,0.5003967009115787
2,2,11,1,0.4996032990884213
2,2,5,2,0.5026432006764966
2,2,5,1,0.49735679932350335
2,2,8,2,0.5057692593614523
2,2,8,1,0.49423074063854777
2,2,6,2,0.00046288461056281677
2,2,6,1,0.9995371153894371
2,2,1,2,0.4845868484301295
2,2,1,1,0.5154131515698704
2,11,7,11,1.0
2,11,4,5,0.4698491837496184
2,11,4,6,0.5301508162503816
2,11,2,2,0.5231213455744388
2,11,2,1,0.47687865442556115
2,11,3,4,0.4999999670698219
2,11,3,3,0.5000000329301781
2,11,5,7,0.47285001440042934
2,11,5,8,0.5271499855995706
2,11,6,9,0.4618664713543186
2,11,6,10,0.5381335286456814
2,7,0,4,0.1911129870244388
2,7,0,2,0.19112099583647893
2,7,0,3,0.20553812410855068
2,7,0,5,0.19340689770481725
2,7,0,6,0.1911093903511957
2,7,0,1,0.027711604974518578
2,7,4,7,0.0007887006026844867
2,7,4,4,0.49274261301318584
2,7,4,2,0.0012870276333549245
2,7,4,3,0.49274261301318584
2,7,4,5,0.005626988910981974
2,7,4,6,0.005626988910981974
2,7,4,1,0.0011850679156248532
2,7,7,4,0.5271499918518935
2,7,7,3,0.47285000814810657
2,7,9,7,1.0
2,7,2,4,0.49886718014897263
2,7,2,2,0.0017801701685147015
2,7,2,3,0.49886718014897263
2,7,2,1,0.0004854695335400119
2,7,3,4,0.0008317584930840234
2,7,3,2,0.07283519832041206
2,7,3,3,0.0008317584930840234
2,7,3,5,0.4352995132777238
2,7,3,6,0.49002659951823824
2,7,3,1,0.0001751718974578625
2,7,5,7,0.007683372866966559
2,7,5,2,0.0011926868905402853
2,7,5,5,0.49476721848901273
2,7,5,6,0.49476721848901273
2,7,5,1,0.0015895032644678375
2,7,8,5,0.4618664623877648
2,7,8,6,0.5381335376122351
2,7,6,7,0.44164176462265015
2,7,6,2,0.2954154404272377
2,7,6,3,0.0011291838004884307
2,7,6,1,0.26181361114962354
2,7,1,2,0.4986703461546733
2,7,1,1,0.5013296538453268
2,9,0,7,0.12786042229715242
2,9,0,4,0.12786042229715242
2,9,0,2,0.12786042229715233
2,9,0,3,0.12786042229715233
2,9,0,5,0.12786042229715242
2,9,0,8,0.12786042229715242
2,9,0,6,0.12786042229715242
2,9,0,1,0.10497704391993318
2,9,4,7,0.00750083775217767
2,9,4,2,0.4924991302992219
2,9,4,8,0.00750083775217767
2,9,4,1,0.4924991941964228
2,9,7,7,0.44337332294315357
2,9,7,8,0.5481790643853401
2,9,7,1,0.008447612671506314
2,9,2,4,0.3320241163761409
2,9,2,3,0.3320241163761409
2,9,2,1,0.33595176724771825
2,9,3,5,0.33202411637614077
2,9,3,6,0.33202411637614077
2,9,3,1,0.33595176724771847
2,9,5,9,0.6061229252066331
2,9,5,4,0.21270220692904268
2,9,5,3,0.17789705961652866
2,9,5,1,0.0032778082477955923
2,9,8,9,0.9848423904657049
2,9,8,1,0.015157609534295034
2,9,6,5,0.4547715147938139
2,9,6,6,0.5369538565361275
2,9,6,1,0.008274628670058489
2,9,1,7,0.12524759226150944
2,9,1,4,0.12524759226150944
2,9,1,2,0.12419630030178115
2,9,1,3,0.12524759226150944
2,9,1,5,0.12524759226150944
2,9,1,8,0.12524759226150944
2,9,1,6,0.12524759226150944
2,9,1,1,0.12431814612916202
2,10,0,7,0.12480891596804145
2,10,0,4,0.12480891596804121
2,10,0,9,0.12480891596804145
2,10,0,2,0.1250466937306527
2,10,0,3,0.12480891596804121
2,10,0,5,0.12480891596804121
2,10,0,8,0.12480891596804145
2,10,0,6,0.12480891596804145
2,10,0,1,0.0012908944930580465
2,10,4,4,0.465162894624739
2,10,4,3,0.534837105375261
2,10,7,9,0.4996335225367511
2,10,7,10,0.5003664774632489
2,10,3,2,0.49566817460938933
2,10,3,1,0.5043318253906107
2,10,5,5,0.5313376972204863
2,10,5,6,0.4686623027795138
2,10,6,7,0.5441585686595676
2,10,6,8,0.4558414313404323
2,8,0,7,0.14285714285714288
2,8,0,4,0.14285714285714288
2,8,0,2,0.14285714285714288
2,8,0,3,0.14285714285714288
2,8,0,5,0.14285714285714288
2,8,0,6,0.14285714285714288
2,8,0,1,0.14285714285714288
2,8,4,7,0.006273967052428098
2,8,4,8,0.007653381692609763
2,8,4,5,0.49303632562748156
2,8,4,6,0.4930363256274806
2,8,7,5,0.5381335322110179
2,8,7,6,0.4618664677889821
2,8,2,4,0.006282633408931278
2,8,2,2,0.49371736659106874
2,8,2,3,0.006282633408931278
2,8,2,1,0.49371736659106874
2,8,3,4,0.49371736659106874
2,8,3,3,0.49371736659106874
2,8,3,5,0.006282633408931278
2,8,3,6,0.006282633408931278
2,8,5,7,0.3019353580100793
2,8,5,2,0.18281545850157135
2,8,5,8,0.3089707515678652
2,8,5,1,0.2062784319204841
2,8,8,7,0.49967998840499933
2,8,8,8,0.5003200115950007
2,8,6,4,0.47285001191434206
2,8,6,3,0.5271499880856578
2,8,1,2,0.5
2,8,1,1,0.5
2,6,0,2,0.5
2,6,0,1,0.5
2,6,4,4,0.008882715123533532
2,6,4,2,0.5941964652285305
2,6,4,3,0.38814005916877087
2,6,4,5,0.004507482005475641
2,6,4,6,0.0012450358232859763
2,6,4,1,0.0030282426504034516
2,6,7,2,0.4670794728880546
2,6,7,1,0.5329205271119454
2,6,9,5,0.4996161522072647
2,6,9,6,0.5003838477927354
2,6,2,4,0.39590224919267303
2,6,2,2,0.2088800584709411
2,6,2,3,0.3936158920538814
2,6,2,1,0.0016018002825045534
2,6,3,4,0.05993156139855285
2,6,3,2,0.0001923723515491903
2,6,3,3,0.12214892728614347
2,6,3,5,0.047151281443654366
2,6,3,6,0.7455544291370357
2,6,3,1,0.025021428383064356
2,6,5,4,0.6077824645848185
2,6,5,2,0.002371828710872879
2,6,5,3,0.3711003896794858
2,6,5,5,0.006940713261218487
2,6,5,6,0.009438416942153902
2,6,5,1,0.0023661868214505015
2,6,8,4,0.45355400902247656
2,6,8,3,0.5464459909775234
2,6,6,2,0.18306358089390065
2,6,6,3,0.18306359947137318
2,6,6,5,0.3125400512161965
2,6,6,6,0.3198367426926434
2,6,6,1,0.0014960257258863309
2,6,1,2,0.5089629133109186
2,6,1,1,0.4910370866890815
2,4,0,4,0.16641570903584432
2,4,0,2,0.6546811115762111
2,4,0,3,0.1181078375985511
2,4,0,1,0.06079534178939335
2,4,4,4,0.4685794029369046
2,4,4,2,0.0327759981638892
2,4,4,3,0.46394212543832203
2,4,4,1,0.03470247346088415
2,4,7,4,0.5057692593614523
2,4,7,3,0.49423074063854777
2,4,9,2,0.4565028555579265
2,4,9,1,0.5434971444420735
2,4,10,4,0.5003614272320479
2,4,10,3,0.4996385727679521
2,4,2,4,0.0349486979597928
2,4,2,2,0.40239143197195265
2,4,2,3,0.034949725755034446
2,4,2,1,0.5277101443132199
2,4,3,4,0.036828706975279096
2,4,3,2,0.467488481191436
2,4,3,3,0.03340506358360205
2,4,3,1,0.46227774824968304
2,4,5,4,0.0012544989344300355
2,4,5,2,0.008950229743517045
2,4,5,3,0.9808450415785359
2,4,5,1,0.008950229743517045
2,4,6,4,0.007661400589047473
2,4,6,2,0.4933523238824219
2,4,6,3,0.0056339516461087705
2,4,6,1,0.4933523238824219
2,4,1,4,0.3378615659332595
2,4,1,2,0.16564355318160584
2,4,1,3,0.3023501053435582
2,4,1,1,0.19414477554157641
2,3,2,2,0.1724219094703088
2,3,2,3,0.6551538485551026
2,3,2,1,0.17242424197458864
2,3,11,3,1.0
2,3,0,2,0.48637440530252823
2,3,0,3,0.06729133740217785
2,3,0,1,0.446334257295294
2,3,7,2,0.49614759544448933
2,3,7,3,0.007704809111021466
2,3,7,1,0.49614759544448933
2,3,10,2,0.5381335322110179
2,3,10,1,0.4618664677889821
2,3,8,3,1.0
2,3,6,2,0.46725393741851445
2,3,6,3,0.06549212516297108
2,3,6,1,0.46725393741851445
2,3,4,2,0.49678678453434316
2,3,4,3,0.00038994897383218713
2,3,4,1,0.5028232664918247
2,3,3,2,0.7186411537873344
2,3,3,3,0.07692282539149967
2,3,3,1,0.20443602082116605
2,3,5,2,0.14630377818615314
2,3,5,3,0.7217200844963839
2,3,5,1,0.131976137317463
2,3,1,2,0.1673637029862661
2,3,1,3,0.11211395336715364
2,3,1,1,0.7205223436465803
2,5,2,4,0.043031878340622366
2,5,2,2,0.4392016923877968
2,5,2,3,0.0447974401885223
2,5,2,5,0.00026193884819891705
2,5,2,1,0.47270705023485954
2,5,0,4,0.6287096610164752
2,5,0,2,0.004373079280256317
2,5,0,3,0.0056534239632979495
2,5,0,1,0.36126383573997056
2,5,7,5,1.0
2,5,9,4,0.5381335322110179
2,5,9,3,0.4618664677889821
2,5,10,5,1.0
2,5,8,2,0.5271499880856578
2,5,8,1,0.47285001191434206
2,5,6,4,0.4961475954444892
2,5,6,3,0.4961475954444892
2,5,6,5,0.0077048091110214646
2,5,4,4,0.09323399164801038
2,5,4,2,0.037230927697749196
2,5,4,3,0.03506503902537592
2,5,4,5,0.766912836579695
2,5,4,1,0.06755720504916936
2,5,3,4,0.4589378557303908
2,5,3,2,0.040863603146511655
2,5,3,3,0.46451419719599113
2,5,3,5,0.0004239519092537532
2,5,3,1,0.03526039201785263
2,5,5,4,0.007560368923088172
2,5,5,2,0.4919098054578716
2,5,5,3,0.007560368923088172
2,5,5,5,0.0010596906481402887
2,5,5,1,0.49190976604781184
2,5,1,4,0.3127280714717572
2,5,1,2,0.18614252471066656
2,5,1,3,0.31272807147175735
2,5,1,5,0.0022533334283195605
2,5,1,1,0.1861479989174992
2,13,0,2,0.09597148889178297
2,13,0,11,0.0774303592982435
2,13,0,7,0.08002105447561866
2,13,0,9,0.0849812247951687
2,13,0,10,0.09597148055786231
2,13,0,8,0.09597148055786231
2,13,0,6,0.09597146793260135
2,13,0,4,0.09743424446262255
2,13,0,3,0.08381098959898892
2,13,0,5,0.09597148055786231
2,13,0,12,0.09597148055786231
2,13,0,1,0.000493248313523944
2,12,4,7,0.0047921851510386755
2,12,4,8,0.9952078148489614
2,12,2,4,0.4969095747186626
2,12,2,3,0.5030904252813374
2,12,3,5,0.004840431217661826
2,12,3,6,0.9951595687823381
2,12,5,9,0.0049711941948717515
2,12,5,10,0.9950288058051283
2,12,6,11,0.005113874902802701
2,12,6,12,0.9948861250971973
2,12,1,2,0.9953312500389445
2,12,1,1,0.004668749961055488
2,1,2,1,1.0
2,1,0,1,1.0
2,1,7,1,1.0
2,1,9,1,1.0
2,1,8,1,1.0
2,1,6,1,1.0
2,1,4,1,1.0
2,1,3,1,1.0
2,1,5,1,1.0
2,1,12,1,1.0
2,1,1,1,1.0
3,2,0,2,0.4854482631264908
3,2,0,1,0.5145517368735091
3,2,4,1,1.0
3,2,7,1,1.0
3,2,2,2,0.44843290876087377
3,2,2,1,0.5515670912391263
3,2,3,2,0.5012754812217366
3,2,3,1,0.4987245187782634
3,2,5,1,1.0
3,2,8,2,1.0
3,2,6,2,1.0
3,2,1,2,0.32051637991923093
3,2,1,1,0.679483620080769
3,11,0,1,1.0
3,11,4,11,1.0
3,11,2,7,0.319940610068586
3,11,2,5,0.3234876906558743
3,11,2,6,0.3565716992755398
3,11,3,9,0.3017488090838756
3,11,3,10,0.34912559545806227
3,11,3,8,0.34912559545806227
3,11,1,4,0.33195909551431274
3,11,1,2,0.33608177338843837
3,11,1,3,0.3319591310972489
3,7,0,2,0.3142832565886346
3,7,0,3,0.3756382147555229
3,7,0,1,0.31007852865584257
3,7,4,4,0.016049112293932986
3,7,4,2,0.9411192779321567
3,7,4,3,0.014400365214917922
3,7,4,5,0.013871227066424425
3,7,4,1,0.014560017492567858
3,7,7,2,0.49818285133596285
3,7,7,3,0.5018171486640373
3,7,2,4,0.008110516425116312
3,7,2,2,0.7711574455498531
3,7,2,3,0.008110516425116312
3,7,2,5,0.008110516425116312
3,7,2,6,0.20148765165674362
3,7,2,1,0.0030233535180540323
3,7,3,7,0.004472721661542848
3,7,3,2,0.4202833275724679
3,7,3,3,0.5693867269509106
3,7,3,6,0.004420257952704518
3,7,3,1,0.0014369658623740239
3,7,5,7,0.004818221159036141
3,7,5,2,0.0031663800847879747
3,7,5,3,0.9835086971882679
3,7,5,6,0.004813204192615209
3,7,5,1,0.003693497375292686
3,7,6,2,0.0029214577903145236
3,7,6,3,0.9941626401578895
3,7,6,1,0.0029159020517959705
3,7,1,2,0.21679482693787475
3,7,1,3,0.774478494328704
3,7,1,1,0.008726678733421195
3,9,0,2,0.49999371593658676
3,9,0,1,0.5000062840634133
3,9,4,7,0.9177471121057471
3,9,4,4,0.013953373327923345
3,9,4,9,0.005990759093071087
3,9,4,2,0.014118984865399519
3,9,4,3,0.014118984865399519
3,9,4,5,0.013953373327923345
3,9,4,8,0.005984597663640481
3,9,4,1,0.014132814750895683
3,9,2,2,0.006271675052361236
3,9,2,3,0.9874566492312586
3,9,2,1,0.0062716757163801444
3,9,3,4,0.005951986291044605
3,9,3,2,0.013877338365818732
3,9,3,3,0.013877338365818732
3,9,3,5,0.9464502577970085
3,9,3,6,0.005951986291044605
3,9,3,1,0.013891092889264807
3,9,5,7,0.24779421186687986
3,9,5,4,0.25073526271104
3,9,5,5,0.25073526271104
3,9,5,6,0.25073526271104
3,9,6,7,0.5
3,9,6,8,0.5
3,9,1,1,1.0
3,10,0,1,1.0
3,10,4,9,0.4997092246609693
3,10,4,10,0.5002907753390307
3,10,2,4,0.3095697077263228
3,10,2,3,0.34521512547921285
3,10,2,5,0.34521516679446435
3,10,3,7,0.3599973679844921
3,10,3,8,0.3136682658301427
3,10,3,6,0.32633436618536527
3,10,1,2,0.496557342512958
3,10,1,1,0.503442657487042
3,8,0,4,0.35451108482733296
3,8,0,2,0.3198344809177656
3,8,0,3,0.3221638312087995
3,8,0,1,0.0034906030461018746
3,8,4,7,0.016258995542959315
3,8,4,3,0.9534293798298846
3,8,4,5,0.016258995542959315
3,8,4,6,0.014052629084196761
3,8,2,7,0.035947732550940775
3,8,2,5,0.035947732550940775
3,8,2,6,0.035947732550940775
3,8,2,1,0.8921568023471776
3,8,3,4,0.014055671093252875
3,8,3,2,0.01421150187276115
3,8,3,3,0.015664952809570552
3,8,3,8,0.037452700700759
3,8,3,1,0.9186151735236565
3,8,5,8,1.0
3,8,1,4,0.3333333333333333
3,8,1,2,0.3333333333333333
3,8,1,3,0.3333333333333333
3,6,0,2,0.7411712445340778
3,6,0,3,0.12948805325610774
3,6,0,1,0.12934070220981453
3,6,4,4,0.41477892733277955
3,6,4,2,0.17036564259599898
3,6,4,3,0.0010587545064854875
3,6,4,5,0.41239480290618463
3,6,4,1,0.001401872658551179
3,6,2,2,0.5084945762333369
3,6,2,3,0.003634997938177544
3,6,2,1,0.48787042582848544
3,6,3,4,0.24696007242917178
3,6,3,2,0.2557568658383169
3,6,3,3,0.24679872762953942
3,6,3,5,0.0018294596058621936
3,6,3,6,0.0018511733241837033
3,6,3,1,0.246803701172926
3,6,5,4,0.22338669588544138
3,6,5,2,0.0010801965437574888
3,6,5,3,0.2578153404559812
3,6,5,5,0.2578153404559812
3,6,5,6,0.25812647826956353
3,6,5,1,0.0017759483892752152
3,6,6,2,0.00922393401207915
3,6,6,1,0.9907760659879209
3,6,1,2,0.0009165102845878131
3,6,1,3,0.45249900576707136
3,6,1,1,0.5465844839483408
3,4,0,4,0.0014871280003987532
3,4,0,2,0.8960027288287868
3,4,0,3,0.0015890177320295054
3,4,0,1,0.10092112543878508
3,4,4,4,0.004756874898611196
3,4,4,2,0.004701078155923879
3,4,4,3,0.004701078155923879
3,4,4,1,0.9858409687895411
3,4,7,4,0.5002984778876777
3,4,7,3,0.4997015221123223
3,4,2,4,0.3624685986467581
3,4,2,2,0.1600836357159998
3,4,2,3,0.36067835073353005
3,4,2,1,0.11676941490371201
3,4,3,4,0.21102173614785882
3,4,3,2,0.6011369907411613
3,4,3,3,0.09348260154200153
3,4,3,1,0.09435867156897831
3,4,5,1,1.0
3,4,6,2,0.46461326548988136
3,4,6,1,0.5353867345101188
3,4,1,4,0.0012468484109573077
3,4,1,2,0.4064103004186822
3,4,1,3,0.18819476659022663
3,4,1,1,0.4041480845801338
3,3,0,2,0.49456122333441144
3,3,0,3,0.30694035702797545
3,3,0,1,0.19849841963761308
3,3,4,2,0.49508777682912103
3,3,4,3,0.5032014044517975
3,3,4,1,0.001710818719081452
3,3,7,2,0.34899859394088795
3,3,7,3,0.349362367005359
3,3,7,1,0.3016390390537531
3,3,2,2,0.33212048376533543
3,3,2,3,0.33382912703035145
3,3,2,1,0.3340503892043131
3,3,3,2,0.4468344848836877
3,3,3,3,0.005283154312711482
3,3,3,1,0.5478823608036008
3,3,5,2,0.33201976081889695
3,3,5,3,0.3359604783622061
3,3,5,1,0.33201976081889695
3,3,1,2,0.3511570337004927
3,3,1,3,0.30124011755416386
3,3,1,1,0.34760284874534353
3,5,0,2,0.30690429283115306
3,5,0,3,0.0016158903349508711
3,5,0,1,0.691479816833896
3,5,4,2,0.11770636135968376
3,5,4,3,0.5778591496602219
3,5,4,5,0.0071205982122687994
3,5,4,1,0.29731389076782555
3,5,2,4,0.001718587317112804
3,5,2,2,0.20810101276935178
3,5,2,3,0.001718587317112804
3,5,2,5,0.540218343520377
3,5,2,1,0.24824346907604553
3,5,3,4,0.0934639668760813
3,5,3,2,0.1589603593892056
3,5,3,3,0.19551933263083524
3,5,3,5,0.31976393370444084
3,5,3,1,0.2322924073994371
3,5,5,2,0.4058205879613696
3,5,5,3,0.5915741257153475
3,5,5,1,0.0026052863232828277
3,5,6,4,0.25870938302562885
3,5,6,2,0.25870938302562885
3,5,6,3,0.22360218936371307
3,5,6,5,0.25897904458502924
3,5,1,4,0.29927806489950737
3,5,1,2,0.29928078729070795
3,5,1,3,0.3010170924341395
3,5,1,1,0.10042405537564517
3,13,0,1,1.0
3,12,7,7,0.003188864182450377
3,12,7,9,0.003188864182450377
3,12,7,10,0.48737779998606257
3,12,7,8,0.5062444716490367
3,12,4,4,0.006150749744838407
3,12,4,2,0.9731992075861964
3,12,4,3,0.006940102801721138
3,12,4,5,0.006854969323710772
3,12,4,1,0.006854970543533472
3,12,2,2,0.9939001687385716
3,12,2,1,0.006099831261428383
3,12,3,4,0.003084148214735198
3,12,3,2,0.5025279416031957
3,12,3,3,0.49162060016010856
3,12,3,1,0.002767310021960573
3,12,5,7,0.0027604234228027482
3,12,5,4,0.003076473714114983
3,12,5,2,0.5018607883252096
3,12,5,3,0.0031178875444863893
3,12,5,5,0.002658991980148364
3,12,5,6,0.48344575436860704
3,12,5,1,0.003079680644630883
3,12,8,10,0.9935076254779001
3,12,8,11,0.006492374522099982
3,12,6,7,0.003354786456175379
3,12,6,4,0.0033582832638158608
3,12,6,5,0.0033582829042138793
3,12,6,8,0.4621118295891797
3,12,6,6,0.5278168177866152
3,12,1,1,1.0
3,1,0,1,1.0
3,1,4,1,1.0
3,1,2,1,1.0
3,1,3,1,1.0
3,1,8,1,1.0
3,1,6,1,1.0
3,1,1,1,1.0
5,2,0,2,0.4988229780980421
5,2,0,1,0.501177021901958
5,2,4,1,1.0
5,2,2,2,0.25353241215359096
5,2,2,1,0.7464675878464092
5,2,3,1,1.0
5,2,5,1,1.0
5,2,1,2,0.49773547929326806
5,2,1,1,0.502264520706732
5,11,0,3,1.0
5,11,4,1,1.0
5,11,2,1,1.0
5,11,3,1,1.0
5,11,5,2,0.30034997649340284
5,11,5,3,0.2837706791518675
5,11,5,1,0.41587934435472956
5,11,6,4,0.22104468117587675
5,11,6,2,0.23395921309979867
5,11,6,3,0.2210446765094469
5,11,6,1,0.3239514292148776
5,7,0,2,0.27727713495775735
5,7,0,3,0.2755625471120083
5,7,0,1,0.44716031793023425
5,7,4,4,0.28428377005242184
5,7,4,2,0.18919720320067693
5,7,4,5,0.28428377005242184
5,7,4,1,0.24223525669447935
5,7,7,2,0.3625094901055505
5,7,7,1,0.6374905098944494
5,7,2,2,0.4446305534269755
5,7,2,1,0.5553694465730246
5,7,3,4,0.2534311537077432
5,7,3,2,0.27477220004669484
5,7,3,3,0.22623479148773623
5,7,3,1,0.24556185475782571
5,7,5,2,0.4672295098159123
5,7,5,1,0.5327704901840876
5,7,6,2,0.0009994300638605494
5,7,6,1,0.9990005699361394
5,7,1,1,1.0
5,9,7,1,1.0
5,9,4,1,1.0
5,9,0,2,0.3338667286564647
5,9,0,3,0.33225508467084225
5,9,0,1,0.33387818667269303
5,9,5,5,1.0
5,10,5,3,1.0
5,8,0,2,0.28657423313242203
5,8,0,3,0.3456522700783158
5,8,0,1,0.36777349678926213
5,8,7,1,1.0
5,8,4,2,0.3595726894593266
5,8,4,3,0.280843650099174
5,8,4,1,0.35958366044149925
5,8,2,1,1.0
5,8,3,4,0.0007682205904867296
5,8,3,6,0.0007682207514885365
5,8,3,1,0.9984635586580247
5,8,5,4,0.00023076836564483771
5,8,5,2,0.29768831874858054
5,8,5,3,0.3510356679223831
5,8,5,1,0.3510452449633915
5,8,6,4,0.41934887824662254
5,8,6,1,0.5806511217533775
5,6,0,2,0.49919344257765047
5,6,0,1,0.5008065574223496
5,6,4,4,0.11988419092743924
5,6,4,2,0.25904847008947324
5,6,4,3,0.405771441713592
5,6,4,1,0.21529589726949547
5,6,2,4,0.13336734939603412
5,6,2,2,0.30193827488152797
5,6,2,3,0.13272763042820962
5,6,2,5,0.1784668611493051
5,6,2,1,0.25349988414492314
5,6,3,2,0.5464781024088364
5,6,3,3,0.0002734685886662833
5,6,3,1,0.4532484290024973
5,6,5,2,0.5466283941227041
5,6,5,1,0.45337160587729586
5,6,6,2,0.548850480106062
5,6,6,1,0.4511495198939381
5,6,1,2,0.4349507510803409
5,6,1,3,0.20429888804846558
5,6,1,1,0.36075036087119355
5,4,0,4,0.0999319367856777
5,4,0,2,0.14076011568170066
5,4,0,3,0.16535192523083656
5,4,0,1,0.593956022301785
5,4,4,1,1.0
5,4,2,2,0.5381440065483529
5,4,2,3,0.15710052872738084
5,4,2,1,0.30475546472426623
5,4,3,2,0.29331310218597234
5,4,3,3,0.13055508289334208
5,4,3,1,0.5761318149206857
5,4,5,2,1.0
5,4,1,4,0.1139922423079654
5,4,1,2,0.28737133702177936
5,4,1,3,0.09398738693105965
5,4,1,1,0.5046490337391956
5,3,0,2,0.22579694837431957
5,3,0,3,0.26273948693547666
5,3,0,1,0.5114635646902038
5,3,4,2,1.0
5,3,2,2,0.24219152773091204
5,3,2,3,0.1338868649682551
5,3,2,1,0.6239216073008328
5,3,3,2,0.253532412153591
5,3,3,1,0.7464675878464089
5,3,5,2,1.0
5,3,1,2,0.6409763642718087
5,3,1,3,0.08053709251898704
5,3,1,1,0.2784865432092043
5,5,0,4,0.14379614679946576
5,5,0,2,0.1127083145169042
5,5,0,3,0.1127083145169042
5,5,0,5,0.15082176565967423
5,5,0,1,0.4799654585070515
5,5,4,2,0.5207141987583348
5,5,4,3,0.17685205272952473
5,5,4,1,0.3024337485121405
5,5,2,4,0.14587884127931178
5,5,2,2,0.3358550338512557
5,5,2,3,0.11157440476830152
5,5,2,1,0.40669172010113114
5,5,3,4,0.11186082823741669
5,5,3,2,0.45716556900013233
5,5,3,3,0.28157243344279725
5,5,3,1,0.14940116931965372
5,5,5,2,0.00025459836899658945
5,5,5,3,0.3477308032402885
5,5,5,1,0.652014598390715
5,5,1,2,0.190018759408834
5,5,1,1,0.8099812405911659
5,12,0,4,0.32747380487111
5,12,0,3,0.34580736570803167
5,12,0,1,0.3267188294208582
5,1,0,1,1.0
5,1,4,1,1.0
5,1,2,1,1.0
5,1,3,1,1.0
5,1,1,1,1.0
8,2,0,2,0.4972055394122817
8,2,0,1,0.5027944605877184
8,2,4,1,1.0
8,2,2,2,0.519897137836902
8,2,2,1,0.48010286216309805
8,2,3,2,0.5991323762092993
8,2,3,1,0.40086762379070073
8,2,5,1,1.0
8,2,1,2,0.019063630497259183
8,2,1,1,0.9809363695027409
8,11,7,2,0.32898790044486553
8,11,7,3,0.37343888520790186
8,11,7,1,0.29757321434723255
8,11,4,2,0.5168833010493257
8,11,4,1,0.48311669895067444
8,11,0,2,0.4840648011062672
8,11,0,1,0.5159351988937327
8,11,2,1,1.0
8,11,3,1,1.0
8,11,5,2,0.34153115013977414
8,11,5,3,0.3076871212743769
8,11,5,1,0.35078172858584894
8,11,8,3,1.0
8,11,6,2,0.29644177604991756
8,11,6,3,0.3458581142725707
8,11,6,1,0.3577001096775117
8,11,1,1,1.0
8,7,4,2,0.49286306839031985
8,7,4,1,0.5071369316096801
8,7,2,4,0.32556937889403736
8,7,2,2,0.3382737655415206
8,7,2,1,0.33615685556444197
8,7,3,4,0.2425208328799162
8,7,3,2,0.2428166009394665
8,7,3,3,0.2517196308293418
8,7,3,1,0.2629429353512755
8,7,5,2,0.34569086350841377
8,7,5,3,0.37158378974078576
8,7,5,1,0.28272534675080047
8,7,6,2,0.47899450389934295
8,7,6,1,0.5210054961006572
8,7,1,4,0.32109019455647364
8,7,1,2,0.3214578282863851
8,7,1,3,0.3574519771571414
8,9,7,2,0.9826133006771804
8,9,7,1,0.017386699322819648
8,9,4,2,0.2909700250506994
8,9,4,5,0.4067392897129324
8,9,4,1,0.30229068523636826
8,9,0,2,0.4974379983891
8,9,0,1,0.5025620016108999
8,9,9,2,0.6543799888430256
8,9,9,1,0.3456200111569743
8,9,2,2,0.5383832901653164
8,9,2,1,0.46161670983468356
8,9,3,2,0.9815200668178956
8,9,3,1,0.01847993318210441
8,9,5,2,0.491565367147657
8,9,5,1,0.508434632852343
8,9,8,2,0.5383832901653164
8,9,8,1,0.46161670983468356
8,9,6,4,0.29655057930603756
8,9,6,2,0.2034494235190022
8,9,6,3,0.29655057930603756
8,9,6,1,0.2034494178689227
8,9,1,2,0.5745678749129954
8,9,1,1,0.4254321250870047
8,10,7,3,0.4009294868529512
8,10,7,1,0.5990705131470488
8,10,4,2,0.4968684627501305
8,10,4,1,0.5031315372498696
8,10,0,2,0.5046936957371769
8,10,0,3,0.495306304262823
8,10,3,2,1.0
8,10,5,2,0.3707941433133873
8,10,5,3,0.2874608181823616
8,10,5,1,0.3417450385042512
8,10,6,2,0.3552267657400887
8,10,6,3,0.3156476687873634
8,10,6,1,0.3291255654725479
8,8,0,1,1.0
8,8,4,2,0.33590562044940653
8,8,4,3,0.3380249597917602
8,8,4,1,0.32606941975883325
8,8,7,1,1.0
8,8,2,4,0.2607583299530486
8,8,2,2,0.27028451806186155
8,8,2,3,0.27028451806186155
8,8,2,1,0.19867263392322834
8,8,3,4,0.3116552850916581
8,8,3,3,0.20945988111139807
8,8,3,5,0.2747151839981397
8,8,3,1,0.20416964979880417
8,8,5,4,0.017109733410647258
8,8,5,2,0.9620347024280851
8,8,5,3,0.009619187497056352
8,8,5,1,0.01123637666421131
8,8,8,1,1.0
8,8,6,2,0.954355211130759
8,8,6,3,0.025697874631238706
8,8,6,1,0.019946914238002187
8,8,1,1,1.0
8,6,4,2,0.4934940989171272
8,6,4,1,0.5065059010828727
8,6,2,2,0.3395652743767
8,6,2,3,0.32303334234403414
8,6,2,1,0.3374013832792659
8,6,3,2,0.2846387821930352
8,6,3,3,0.3971156089009284
8,6,3,1,0.3182456089060363
8,6,5,2,0.01693817288295255
8,6,5,1,0.9830618271170475
8,6,1,2,0.34173439152576834
8,6,1,3,0.34133641059123776
8,6,1,1,0.3169291978829939
8,4,0,2,0.4972055394122817
8,4,0,1,0.5027944605877184
8,4,4,1,1.0
8,4,2,2,0.3346631543259746
8,4,2,3,0.3324730102954782
8,4,2,1,0.33286383537854725
8,4,3,2,0.435011171204662
8,4,3,1,0.564988828795338
8,4,1,2,0.018707429630047383
8,4,1,3,0.0186848390322616
8,4,1,1,0.962607731337691
8,3,0,2,0.4972055394122817
8,3,0,1,0.5027944605877184
8,3,4,2,0.4416886347276611
8,3,4,1,0.5583113652723388
8,3,2,2,0.33757274796219067
8,3,2,3,0.337176394008286
8,3,2,1,0.3252508580295234
8,3,3,2,0.5463972598638575
8,3,3,1,0.45360274013614255
8,3,5,1,1.0
8,3,1,2,0.01795987937155442
8,3,1,3,0.017938579273654606
8,3,1,1,0.964101541354791
8,5,0,1,1.0
8,5,4,2,0.4914157993892765
8,5,4,1,0.5085842006107236
8,5,2,4,0.24752504849684803
8,5,2,2,0.24779640021486637
8,5,2,3,0.24749456640213885
8,5,2,1,0.2571839848861468
8,5,3,2,0.5379016271670142
8,5,3,1,0.4620983728329858
8,5,5,2,0.4892765068564041
8,5,5,1,0.5107234931435959
8,5,1,4,0.3283354226984563
8,5,1,2,0.32872528504712756
8,5,1,1,0.3429392922544163
8,13,0,2,0.4621175774510442
8,13,0,1,0.5378824225489558
8,12,2,1,1.0
8,12,11,1,1.0
8,12,0,2,0.3478641864372654
8,12,0,3,0.3263640455157429
8,12,0,1,0.32577176804699165
8,12,7,3,0.4691171376401941
8,12,7,1,0.5308828623598059
8,12,9,1,1.0
8,12,10,1,1.0
8,12,8,1,1.0
8,12,6,1,1.0
8,12,4,1,1.0
8,12,3,1,1.0
8,12,5,1,1.0
8,12,12,1,1.0
8,12,1,1,1.0
8,1,0,1,1.0
8,1,4,1,1.0
8,1,2,1,1.0
8,1,3,1,1.0
8,1,5,1,1.0
8,1,1,1,1.0
6,2,0,2,0.497759595291623
6,2,0,1,0.502240404708377
6,2,4,2,0.508996149593577
6,2,4,1,0.49100385040642297
6,2,2,2,0.006226697859284322
6,2,2,1,0.9937733021407157
6,2,3,2,0.0071458231048743374
6,2,3,1,0.9928541768951257
6,2,5,2,0.6072934340564723
6,2,5,1,0.39270656594352776
6,2,6,1,1.0
6,2,1,2,0.34861883989340586
6,2,1,1,0.6513811601065942
6,11,7,4,0.3591940699988112
6,11,7,2,0.2816118678267001
6,11,7,3,0.35919406217448874
6,11,4,4,0.23732610057301823
6,11,4,2,0.23058309241453093
6,11,4,3,0.26624820507759733
6,11,4,1,0.26584260193485354
6,11,0,2,0.27311301607842575
6,11,0,3,0.3862842190829893
6,11,0,1,0.3406027648385849
6,11,2,3,0.5003811409043326
6,11,2,1,0.4996188590956675
6,11,3,4,0.31220309689427234
6,11,3,3,0.3441605991146331
6,11,3,1,0.34363630399109446
6,11,5,4,0.23798284805650463
6,11,5,2,0.24022984411493484
6,11,5,3,0.24482282551036794
6,11,5,1,0.27696448231819265
6,11,8,7,0.4806859587337042
6,11,8,4,0.25965702405806684
6,11,8,3,0.25965701720822904
6,11,6,4,0.25049814178876073
6,11,6,2,0.2366365917395927
6,11,6,3,0.2397636067329304
6,11,6,1,0.2731016597387162
6,11,1,3,0.5004057552175288
6,11,1,1,0.4995942447824712
6,7,0,2,0.5389880215656635
6,7,0,1,0.4610119784343366
6,7,4,4,0.005524982450128117
6,7,4,2,0.9824103334578231
6,7,4,3,0.004994027974910097
6,7,4,1,0.007070656117138686
6,7,7,2,0.462926448101365
6,7,7,1,0.5370735518986349
6,7,2,4,0.007164918092246729
6,7,2,2,0.007164918092246729
6,7,2,3,0.00921589589409333
6,7,2,5,0.009215898466934887
6,7,2,6,0.0071575750701815075
6,7,2,1,0.9600807943842968
6,7,3,4,0.003173978503467836
6,7,3,2,0.6243756659136893
6,7,3,3,0.0031772956896195985
6,7,3,1,0.36927305989322334
6,7,5,4,0.00730716807974298
6,7,5,2,0.011897259003080274
6,7,5,3,0.007488516247819898
6,7,5,1,0.9733070566693569
6,7,6,2,0.3569404865199505
6,7,6,3,0.27671393833256713
6,7,6,1,0.36634557514748245
6,7,1,2,1.0
6,9,7,2,0.5
6,9,7,1,0.5
6,9,4,2,0.2964985317915488
6,9,4,3,0.4070029364169026
6,9,4,1,0.2964985317915488
6,9,0,2,0.4988878818933264
6,9,0,1,0.5011121181066736
6,9,2,1,1.0
6,9,3,2,0.35040587665082
6,9,3,5,0.40588684948665443
6,9,3,1,0.2437072738625255
6,9,5,4,0.217719953311958
6,9,5,2,0.21334533447234577
6,9,5,3,0.18420210003859055
6,9,5,5,0.22234094271939364
6,9,5,1,0.162391669457712
6,9,8,5,0.4999999411032369
6,9,8,1,0.500000058896763
6,9,6,4,0.12872822439127987
6,9,6,2,0.14841305088666482
6,9,6,3,0.16871683916250088
6,9,6,5,0.22186894365574594
6,9,6,6,0.20308347169619403
6,9,6,1,0.12918947020761445
6,10,7,4,0.2830155147185446
6,10,7,3,0.2830155072624587
6,10,7,1,0.43396897801899675
6,10,4,2,0.30338605179920797
6,10,4,3,0.29308951278177486
6,10,4,1,0.40352443541901717
6,10,0,2,1.0
6,10,2,2,0.3436795063237658
6,10,2,3,0.30837284940083565
6,10,2,1,0.34794764427539865
6,10,3,2,0.34761838814918083
6,10,3,3,0.3004461317195856
6,10,3,1,0.3519354801312336
6,10,5,2,0.26822990064282604
6,10,5,3,0.3793776645297947
6,10,5,1,0.35239243482737925
6,10,8,1,1.0
6,10,6,4,0.1928049406984086
6,10,6,2,0.21635184153738
6,10,6,3,0.3063157523067474
6,10,6,1,0.2845274654574639
6,10,1,2,0.5156271771799456
6,10,1,1,0.4843728228200544
6,8,7,3,0.23033631594397186
6,8,7,5,0.42512922904276107
6,8,7,1,0.34453445501326696
6,8,4,4,0.006427595227137566
6,8,4,2,0.44364151107503824
6,8,4,3,0.003989097502777703
6,8,4,5,0.003989097502777703
6,8,4,6,0.006875392305298209
6,8,4,1,0.5350773063869705
6,8,2,6,0.6248315267197162
6,8,2,1,0.3751684732802838
6,8,3,4,0.011428544000266406
6,8,3,2,0.011191020581854469
6,8,3,3,0.007239991361226145
6,8,3,1,0.9701404440566531
6,8,8,4,0.6486177966941967
6,8,8,1,0.3513822033058034
6,8,5,2,0.3695497554217405
6,8,5,3,0.002823135566102328
6,8,5,1,0.6276271090121572
6,8,6,4,0.2608844345426001
6,8,6,3,0.20995554987454468
6,8,6,5,0.26046710352429137
6,8,6,1,0.2686929120585637
6,8,1,4,1.0
6,6,0,1,1.0
6,6,4,4,0.0024592783979400855
6,6,4,2,0.3743990251758378
6,6,4,3,0.0025553482766814623
6,6,4,1,0.6205863481495407
6,6,2,4,0.19799601206227518
6,6,2,2,0.16489441571502939
6,6,2,3,0.19799601206227518
6,6,2,5,0.0017093504190104458
6,6,2,1,0.43740420974140987
6,6,3,2,0.007482197062453431
6,6,3,3,0.010582402141727442
6,6,3,1,0.9819354007958191
6,6,5,2,0.00469377561263812
6,6,5,1,0.9953062243873618
6,6,6,2,0.0035184258288201297
6,6,6,1,0.9964815741711798
6,6,1,2,0.0041401026629668825
6,6,1,1,0.9958598973370332
6,4,7,1,1.0
6,4,4,2,0.3823332119677764
6,4,4,3,0.3085010310946309
6,4,4,1,0.3091657569375927
6,4,0,4,0.49858548034334527
6,4,0,3,0.5014145196566547
6,4,2,4,0.0016729439002365271
6,4,2,2,0.0021978159173625506
6,4,2,3,0.16120743037350424
6,4,2,1,0.8349218098088966
6,4,3,2,0.010613258874835593
6,4,3,3,0.010613258874835593
6,4,3,1,0.9787734822503289
6,4,5,2,0.38490712516488407
6,4,5,1,0.6150928748351159
6,4,1,2,0.31221020591837223
6,4,1,3,0.3727727020864682
6,4,1,1,0.3150170919951595
6,3,0,2,0.5040273916688508
6,3,0,1,0.49597260833114926
6,3,4,2,0.404865290885495
6,3,4,3,0.2713154938375215
6,3,4,1,0.3238192152769835
6,3,2,2,0.4746365098834652
6,3,2,3,0.003173092992099908
6,3,2,1,0.5221903971244348
6,3,3,2,0.3036463088522632
6,3,3,3,0.38690192715975413
6,3,3,1,0.3094517639879828
6,3,5,2,0.5556112193170143
6,3,5,1,0.4443887806829857
6,3,6,2,0.3514087273888531
6,3,6,1,0.6485912726111469
6,3,1,2,0.1749201506438708
6,3,1,3,0.15529068730002138
6,3,1,1,0.6697891620561077
6,5,0,2,0.545300530735682
6,5,0,1,0.45469946926431803
6,5,4,4,0.0047600608586956744
6,5,4,2,0.009090279266041511
6,5,4,1,0.9861496598752627
6,5,2,4,0.002622007347824514
6,5,2,2,0.5940579334847711
6,5,2,3,0.003971462427331379
6,5,2,5,0.0026193201631892725
6,5,2,1,0.3967292765768838
6,5,3,4,0.0012106194820621712
6,5,3,2,0.23683038274883744
6,5,3,3,0.2152631433310084
6,5,3,1,0.546695854438092
6,5,5,2,0.5458015857993986
6,5,5,1,0.45419841420060136
6,5,6,2,1.0
6,5,1,4,0.4891246480421659
6,5,1,2,0.2548735491413785
6,5,1,3,0.2560018028164555
6,13,0,2,0.313083545084233
6,13,0,5,0.3136242752973186
6,13,0,1,0.3732921796184483
6,12,0,4,0.29051007860841754
6,12,0,2,0.2540003899205266
6,12,0,3,0.22803528672149176
6,12,0,1,0.22745424474956402
6,12,4,2,0.43092039777182417
6,12,4,1,0.5690796022281759
6,12,7,2,0.43092039777182417
6,12,7,1,0.5690796022281759
6,12,9,2,0.43092039777182417
6,12,9,1,0.5690796022281759
6,12,6,4,0.500694354107053
6,12,6,1,0.499305645892947
6,12,11,2,0.43092039777182417
6,12,11,1,0.5690796022281759
6,12,5,2,0.5086649517810512
6,12,5,1,0.49133504821894886
6,12,12,2,1.0
6,12,1,4,0.4309203984928943
6,12,1,1,0.5690796015071057
6,1,0,1,1.0
6,1,4,1,1.0
6,1,2,1,1.0
6,1,3,1,1.0
6,1,5,1,1.0
6,1,6,1,1.0
6,1,1,1,1.0
1,2,0,2,0.5202220272498819
1,2,0,1,0.4797779727501181
1,2,2,2,0.5000069283563935
1,2,2,1,0.49999307164360646
1,2,1,2,0.5202188338272573
1,2,1,1,0.47978116617274275
1,7,0,7,0.1412021545646516
1,7,0,4,0.11607650830780328
1,7,0,2,0.11608143709024024
1,7,0,3,0.12495402496753351
1,7,0,5,0.11748822662716836
1,7,0,6,0.11607429484345633
1,7,0,1,0.2681233535991467
1,7,4,7,1.0
1,7,2,7,1.0
1,7,3,7,0.15486946882892924
1,7,3,2,0.24082600734290976
1,7,3,5,0.3021523155525708
1,7,3,6,0.30215220827559014
1,7,5,2,0.3575213989806697
1,7,5,3,0.2849572126166119
1,7,5,1,0.35752138840271835
1,7,1,7,1.0
1,9,0,7,0.0036370273968195648
1,9,0,9,0.9708960538580912
1,9,0,4,0.0036370273968195648
1,9,0,2,0.0036370273968195617
1,9,0,3,0.0036370273968195617
1,9,0,5,0.0036370273968195648
1,9,0,8,0.0036370273968195648
1,9,0,6,0.0036370273968195648
1,9,0,1,0.003644754364171703
1,9,4,7,0.09878287810030319
1,9,4,9,0.16875909138119238
1,9,4,4,0.09878287810030319
1,9,4,2,0.11677648097433946
1,9,4,3,0.09878287810030319
1,9,4,5,0.09878287810030319
1,9,4,8,0.09878287810030319
1,9,4,6,0.09878287810030319
1,9,4,1,0.12176715904264886
1,9,7,7,0.09878287810030319
1,9,7,9,0.16875909138119238
1,9,7,4,0.09878287810030319
1,9,7,2,0.11677648097433946
1,9,7,3,0.09878287810030319
1,9,7,5,0.09878287810030319
1,9,7,8,0.09878287810030319
1,9,7,6,0.09878287810030319
1,9,7,1,0.12176715904264886
1,9,9,7,0.10813211859343082
1,9,9,4,0.10813211859343064
1,9,9,9,0.10813211859343082
1,9,9,2,0.10856883435783438
1,9,9,3,0.10813211859343064
1,9,9,5,0.10813211859343064
1,9,9,8,0.10813211859343082
1,9,9,6,0.10813211859343064
1,9,9,1,0.1345063354881506
1,9,2,7,0.09878287810030319
1,9,2,9,0.16875909138119238
1,9,2,4,0.09878287810030319
1,9,2,2,0.11677648097433946
1,9,2,3,0.09878287810030319
1,9,2,5,0.09878287810030319
1,9,2,8,0.09878287810030319
1,9,2,6,0.09878287810030319
1,9,2,1,0.12176715904264886
1,9,3,7,0.09878287810030319
1,9,3,9,0.16875909138119238
1,9,3,4,0.09878287810030319
1,9,3,2,0.11677648097433946
1,9,3,3,0.09878287810030319
1,9,3,5,0.09878287810030319
1,9,3,8,0.09878287810030319
1,9,3,6,0.09878287810030319
1,9,3,1,0.12176715904264886
1,9,5,7,0.09878287810030319
1,9,5,9,0.16875909138119238
1,9,5,4,0.09878287810030319
1,9,5,2,0.11677648097433946
1,9,5,3,0.09878287810030319
1,9,5,5,0.09878287810030319
1,9,5,8,0.09878287810030319
1,9,5,6,0.09878287810030319
1,9,5,1,0.12176715904264886
1,9,8,7,0.09878287810030319
1,9,8,9,0.16875909138119238
1,9,8,4,0.09878287810030319
1,9,8,2,0.11677648097433946
1,9,8,3,0.09878287810030319
1,9,8,5,0.09878287810030319
1,9,8,8,0.09878287810030319
1,9,8,6,0.09878287810030319
1,9,8,1,0.12176715904264886
1,9,6,7,0.09878287810030319
1,9,6,9,0.16875909138119238
1,9,6,4,0.09878287810030319
1,9,6,2,0.11677648097433946
1,9,6,3,0.09878287810030319
1,9,6,5,0.09878287810030319
1,9,6,8,0.09878287810030319
1,9,6,6,0.09878287810030319
1,9,6,1,0.12176715904264886
1,9,1,7,0.10050963669854532
1,9,1,9,0.17157665387383292
1,9,1,4,0.10050963669854532
1,9,1,2,0.10050963669854532
1,9,1,3,0.10050963669854532
1,9,1,5,0.10050963669854532
1,9,1,8,0.10050963669854532
1,9,1,6,0.10050963669854532
1,9,1,1,0.1248558892363498
1,10,0,7,0.08350304740408677
1,10,0,4,0.08350304740408677
1,10,0,9,0.08350304740408677
1,10,0,10,0.15806174785718793
1,10,0,2,0.08366262243043297
1,10,0,3,0.08350304740408677
1,10,0,5,0.08350304740408677
1,10,0,8,0.08350304740408677
1,10,0,6,0.08350304740408677
1,10,0,1,0.1737542978837715
1,8,0,7,0.12005692408386567
1,8,0,4,0.12005692408386567
1,8,0,2,0.12005692408386567
1,8,0,3,0.12005692408386567
1,8,0,5,0.12005692408386567
1,8,0,8,0.1596015314129404
1,8,0,6,0.12005692408386567
1,8,0,1,0.12005692408386558
1,8,4,7,0.11818135633882058
1,8,4,4,0.11818135633882058
1,8,4,2,0.11818135633882047
1,8,4,3,0.11818135633882047
1,8,4,8,0.16169133387002244
1,8,4,5,0.11818135633882058
1,8,4,6,0.11818135633882058
1,8,4,1,0.1292205280970544
1,8,7,7,0.11840550076893203
1,8,7,4,0.11840550076893203
1,8,7,2,0.11840550076893203
1,8,7,3,0.11840550076893203
1,8,7,8,0.15998946586127166
1,8,7,5,0.11840550076893203
1,8,7,6,0.11840550076893203
1,8,7,1,0.1295775295251361
1,8,2,7,0.11753287942329206
1,8,2,4,0.11753287942329206
1,8,2,2,0.11753287942329196
1,8,2,3,0.1230200132286389
1,8,2,8,0.16080411188591257
1,8,2,5,0.11753287942329206
1,8,2,6,0.11753287942329206
1,8,2,1,0.12851147776898825
1,8,3,7,0.11818135633882058
1,8,3,4,0.11818135633882058
1,8,3,2,0.11818135633882047
1,8,3,3,0.11818135633882047
1,8,3,8,0.16169133387002244
1,8,3,5,0.11818135633882058
1,8,3,6,0.11818135633882058
1,8,3,1,0.1292205280970544
1,8,5,7,0.11722798542636866
1,8,5,4,0.11722798542636866
1,8,5,2,0.11722798542636866
1,8,5,3,0.11722798542636866
1,8,5,8,0.16389301951970098
1,8,5,5,0.11722798542636866
1,8,5,6,0.11722798542636866
1,8,5,1,0.13273906792208712
1,8,8,7,0.12496863038702699
1,8,8,4,0.12496863038702699
1,8,8,2,0.12496863038702688
1,8,8,3,0.12496863038702688
1,8,8,5,0.12496863038702699
1,8,8,8,0.12496863038702699
1,8,8,6,0.12496863038702699
1,8,8,1,0.12521958729081134
1,8,6,7,0.11840550076893203
1,8,6,4,0.11840550076893203
1,8,6,2,0.11840550076893203
1,8,6,3,0.11840550076893203
1,8,6,8,0.15998946586127166
1,8,6,5,0.11840550076893203
1,8,6,6,0.11840550076893203
1,8,6,1,0.1295775295251361
1,8,1,7,0.11840550076893204
1,8,1,4,0.11840550076893204
1,8,1,2,0.11840550076893204
1,8,1,3,0.11840550076893204
1,8,1,8,0.15998946586127155
1,8,1,5,0.11840550076893204
1,8,1,6,0.11840550076893204
1,8,1,1,0.12957752952513613
1,6,0,2,1.0
1,6,4,4,0.0033955026817346526
1,6,4,2,0.5122501459158378
1,6,4,3,0.47493356275974535
1,6,4,5,0.0036074454935830867
1,6,4,6,0.003588800570898815
1,6,4,1,0.002224542578200252
1,6,2,4,0.006975729205204363
1,6,2,2,0.6292035624694153
1,6,2,3,0.35286809030036725
1,6,2,5,0.006975726423201397
1,6,2,1,0.003976891601811645
1,6,3,4,0.006936996177337617
1,6,3,2,0.00396491248220276
1,6,3,3,0.3509009337203907
1,6,3,5,0.006248800702843811
1,6,3,6,0.0062531467278397574
1,6,3,1,0.6256952101893853
1,6,5,4,0.20119136515782957
1,6,5,2,0.1323617237306049
1,6,5,3,0.1242673662858948
1,6,5,5,0.20119136515782957
1,6,5,6,0.20896406649080418
1,6,5,1,0.13202411317703694
1,6,6,4,0.2003605076958569
1,6,6,2,0.19995970234229224
1,6,6,3,0.19976035839371828
1,6,6,6,0.19995973586050889
1,6,6,1,0.19995969570762373
1,6,1,2,0.357860768939372
1,6,1,5,0.6381060710052617
1,6,1,1,0.00403316005536635
1,4,0,4,0.03835289859388011
1,4,0,2,0.26242628466378476
1,4,0,3,0.3018490347125786
1,4,0,1,0.39737178202975637
1,4,4,4,0.10066265365217077
1,4,4,2,0.06126959290099773
1,4,4,3,0.7767981605458337
1,4,4,1,0.06126959290099773
1,4,2,4,0.2852708042245054
1,4,2,2,0.25995322562762296
1,4,2,3,0.21243100196449163
1,4,2,1,0.24234496818337994
1,4,3,4,0.05521450894734302
1,4,3,2,0.4854813467739006
1,4,3,3,0.42577090261999667
1,4,3,1,0.033533241658759726
1,4,1,4,0.0495766094877195
1,4,1,2,0.51365988964057
1,4,1,3,0.04658043083437907
1,4,1,1,0.3901830700373316
1,3,0,2,0.3369025885093762
1,3,0,3,0.3304126444694043
1,3,0,1,0.3326847670212195
1,3,2,2,0.35526047933752436
1,3,2,3,0.289474354567924
1,3,2,1,0.3552651660945517
1,3,3,2,0.33046109632485693
1,3,3,3,0.3304755439316753
1,3,3,1,0.33906335974346774
1,3,1,2,0.4161326264036578
1,3,1,3,0.33907761142265586
1,3,1,1,0.24478976217368645
1,5,0,4,0.14699949500453088
1,5,0,2,0.23237650830516018
1,5,0,3,0.34997898801451927
1,5,0,5,0.14721534753257795
1,5,0,1,0.1234296611432118
1,5,4,4,0.14865630314300088
1,5,4,2,0.24479858572425658
1,5,4,3,0.17642050973499
1,5,4,5,0.14865630314300088
1,5,4,1,0.28146829825475167
1,5,2,4,0.28571988097090023
1,5,2,2,0.12317887984693401
1,5,2,3,0.29748418320017034
1,5,2,5,0.14691641680219217
1,5,2,1,0.14670063917980328
1,5,3,4,0.14882390757571337
1,5,3,2,0.28178530318151773
1,5,3,3,0.1766190073688977
1,5,3,5,0.14882390757571337
1,5,3,1,0.243947874298158
1,5,5,4,0.27258376029962184
1,5,5,2,0.24802416851742068
1,5,5,3,0.22937307724851588
1,5,5,5,0.001994856578249858
1,5,5,1,0.24802413735619178
1,5,1,4,0.29890923041957235
1,5,1,2,0.154710913272178
1,5,1,3,0.17760101850254045
1,5,1,5,0.18452469733365062
1,5,1,1,0.18425414047205863
1,13,0,2,0.08033467668288312
1,13,0,11,0.06476468221865021
1,13,0,7,0.06694022979609128
1,13,0,9,0.07110555446131321
1,13,0,10,0.08033466968443691
1,13,0,8,0.08033466968443691
1,13,0,6,0.08033465908231896
1,13,0,4,0.08156303205495456
1,13,0,3,0.07012284435002
1,13,0,5,0.08033466968443691
1,13,0,13,0.0831708654039523
1,13,0,12,0.08033466968443691
1,13,0,1,0.08032477721206885
1,1,0,1,1.0
1,1,1,1,1.0
